CREATE DATABASE  IF NOT EXISTS `competition_system_security_concept_db` /*!40100 DEFAULT CHARACTER SET latin1 COLLATE latin1_general_ci */ /*!80016 DEFAULT ENCRYPTION='N' */;
USE `competition_system_security_concept_db`;
-- MySQL dump 10.13  Distrib 8.0.18, for Win64 (x86_64)
--
-- Host: localhost    Database: competition_system_security_concept_db
-- ------------------------------------------------------
-- Server version	8.0.18

/*!40101 SET @OLD_CHARACTER_SET_CLIENT=@@CHARACTER_SET_CLIENT */;
/*!40101 SET @OLD_CHARACTER_SET_RESULTS=@@CHARACTER_SET_RESULTS */;
/*!40101 SET @OLD_COLLATION_CONNECTION=@@COLLATION_CONNECTION */;
/*!50503 SET NAMES utf8 */;
/*!40103 SET @OLD_TIME_ZONE=@@TIME_ZONE */;
/*!40103 SET TIME_ZONE='+00:00' */;
/*!40014 SET @OLD_UNIQUE_CHECKS=@@UNIQUE_CHECKS, UNIQUE_CHECKS=0 */;
/*!40014 SET @OLD_FOREIGN_KEY_CHECKS=@@FOREIGN_KEY_CHECKS, FOREIGN_KEY_CHECKS=0 */;
/*!40101 SET @OLD_SQL_MODE=@@SQL_MODE, SQL_MODE='NO_AUTO_VALUE_ON_ZERO' */;
/*!40111 SET @OLD_SQL_NOTES=@@SQL_NOTES, SQL_NOTES=0 */;

--
-- Table structure for table `blacklistedjwt`
--

DROP TABLE IF EXISTS `blacklistedjwt`;
/*!40101 SET @saved_cs_client     = @@character_set_client */;
/*!50503 SET character_set_client = utf8mb4 */;
CREATE TABLE `blacklistedjwt` (
  `primarykey` int(11) NOT NULL AUTO_INCREMENT,
  `fk_user_id` int(11) NOT NULL,
  `jwt_token_blacklist` varchar(255) COLLATE latin1_general_ci NOT NULL,
  `Timestamp` datetime NOT NULL,
  PRIMARY KEY (`primarykey`),
  KEY `fk_user_id _idx` (`fk_user_id`),
  CONSTRAINT `fk_user_id ` FOREIGN KEY (`fk_user_id`) REFERENCES `user` (`user_id`)
) ENGINE=InnoDB AUTO_INCREMENT=113 DEFAULT CHARSET=latin1 COLLATE=latin1_general_ci;
/*!40101 SET character_set_client = @saved_cs_client */;

--
-- Dumping data for table `blacklistedjwt`
--

LOCK TABLES `blacklistedjwt` WRITE;
/*!40000 ALTER TABLE `blacklistedjwt` DISABLE KEYS */;
INSERT INTO `blacklistedjwt` VALUES (35,102,'eyJhbGciOiJIUzI1NiIsInR5cCI6IkpXVCJ9.eyJ1c2VyX2lkIjoxMDIsInJvbGUiOiJ1c2VyIiwiZXhwaXJlc09uIjoiMjAyMC0xMi0yOSAwODo0NTozOSIsImlhdCI6MTYwOTE0NTEzOSwiZXhwIjoxNjA5MjMxNTM5fQ.TPbsXo9zEAGx-7z2eXn3ltjSw3jOJs7h-Ed4dNsb8rc','2020-12-29 08:45:39'),(36,102,'eyJhbGciOiJIUzI1NiIsInR5cCI6IkpXVCJ9.eyJ1c2VyX2lkIjoxMDIsInJvbGUiOiJ1c2VyIiwiZXhwaXJlc09uIjoiMjAyMC0xMi0zMCAwMToxNzoxNCIsImlhdCI6MTYwOTIwNDYzNCwiZXhwIjoxNjA5MjkxMDM0fQ.xeTMLOxZNohT0Dp3_kv8NzlF7fjgmEGaFs7xwXvzR-k','2020-12-30 01:17:14'),(37,100,'eyJhbGciOiJIUzI1NiIsInR5cCI6IkpXVCJ9.eyJ1c2VyX2lkIjoxMDAsInJvbGUiOiJ1c2VyIiwiZXhwaXJlc09uIjoiMjAyMC0xMi0zMCAwMToyOTo1MiIsImlhdCI6MTYwOTIwNTM5MiwiZXhwIjoxNjA5MjkxNzkyfQ.S3mfTBnJdj9poEJ6Ut1wzC6R1Y4biwPONuHtG0iIK9w','2020-12-30 01:29:52'),(38,102,'eyJhbGciOiJIUzI1NiIsInR5cCI6IkpXVCJ9.eyJ1c2VyX2lkIjoxMDIsInJvbGUiOiJ1c2VyIiwiZXhwaXJlc09uIjoiMjAyMC0xMi0zMCAwMTozNjoyMSIsImlhdCI6MTYwOTIwNTc4MSwiZXhwIjoxNjA5MjkyMTgxfQ.zrod7lonPwbGww-6BqkdiQVZX5QyP9M1hvScqygqlh8','2020-12-30 01:36:21'),(39,124,'eyJhbGciOiJIUzI1NiIsInR5cCI6IkpXVCJ9.eyJ1c2VyX2lkIjoxMjQsInJvbGUiOiJ1c2VyIiwiZXhwaXJlc09uIjoiMjAyMC0xMi0zMCAwMTo0NTozMiIsImlhdCI6MTYwOTIwNjMzMiwiZXhwIjoxNjA5MjkyNzMyfQ.YzDV_MJ4RSdiN73GHc9bJWKh0OHKLiF0UqTTnBWFjSY','2020-12-30 01:45:32'),(40,100,'eyJhbGciOiJIUzI1NiIsInR5cCI6IkpXVCJ9.eyJ1c2VyX2lkIjoxMDAsInJvbGUiOiJ1c2VyIiwiZXhwaXJlc09uIjoiMjAyMC0xMi0zMCAwMTo1MjozNSIsImlhdCI6MTYwOTIwNjc1NSwiZXhwIjoxNjA5MjkzMTU1fQ.RQeRllUECfTsX_6QizWhxnWmlrP9hMk3jgLgIMz69Jk','2020-12-30 01:52:35'),(41,100,'eyJhbGciOiJIUzI1NiIsInR5cCI6IkpXVCJ9.eyJ1c2VyX2lkIjoxMDAsInJvbGUiOiJ1c2VyIiwiZXhwaXJlc09uIjoiMjAyMC0xMi0zMCAwNzoxNzoyMCIsImlhdCI6MTYwOTIyNjI0MCwiZXhwIjoxNjA5MzEyNjQwfQ.FF5dk4filEbh-iPepNWetA1uDlbeLR2ujHwWfV2y9OM','2020-12-30 07:17:20'),(42,102,'eyJhbGciOiJIUzI1NiIsInR5cCI6IkpXVCJ9.eyJ1c2VyX2lkIjoxMDIsInJvbGUiOiJ1c2VyIiwiZXhwaXJlc09uIjoiMjAyMC0xMi0zMCAwNzoyMzoyMCIsImlhdCI6MTYwOTIyNjYwMCwiZXhwIjoxNjA5MzEzMDAwfQ.KdhMp6v0Pm_zfHwFAIYHUFKfqXCzlgs4HO88UWTjxAw','2020-12-30 07:23:20'),(43,101,'eyJhbGciOiJIUzI1NiIsInR5cCI6IkpXVCJ9.eyJ1c2VyX2lkIjoxMDEsInJvbGUiOiJhZG1pbiIsImV4cGlyZXNPbiI6IjIwMjAtMTItMzAgMDc6Mzk6MjUiLCJpYXQiOjE2MDkyMjc1NjUsImV4cCI6MTYwOTMxMzk2NX0.P7n4sqLbtNB0zVktI4tkSx76H-Zsw4vYf-XIZJx5sEM','2020-12-30 07:39:25'),(44,101,'eyJhbGciOiJIUzI1NiIsInR5cCI6IkpXVCJ9.eyJ1c2VyX2lkIjoxMDEsInJvbGUiOiJhZG1pbiIsImV4cGlyZXNPbiI6IjIwMjAtMTItMzAgMDc6NDA6MDYiLCJpYXQiOjE2MDkyMjc2MDYsImV4cCI6MTYwOTMxNDAwNn0.j078112Z8bPOCaOHOnICBMevfL4cx5tDfpJYbBSD1SA','2020-12-30 07:40:06'),(45,101,'eyJhbGciOiJIUzI1NiIsInR5cCI6IkpXVCJ9.eyJ1c2VyX2lkIjoxMDEsInJvbGUiOiJhZG1pbiIsImV4cGlyZXNPbiI6IjIwMjAtMTItMzAgMDc6NDI6NDAiLCJpYXQiOjE2MDkyMjc3NjAsImV4cCI6MTYwOTMxNDE2MH0.Uclq_MaasvrYaPS1LMw8lZQcHoK9P_MM-ffVmfwqMLg','2020-12-30 07:42:40'),(46,101,'eyJhbGciOiJIUzI1NiIsInR5cCI6IkpXVCJ9.eyJ1c2VyX2lkIjoxMDEsInJvbGUiOiJhZG1pbiIsImV4cGlyZXNPbiI6IjIwMjAtMTItMzAgMDc6NTY6MTAiLCJpYXQiOjE2MDkyMjg1NzAsImV4cCI6MTYwOTMxNDk3MH0.fGlkhWBYQ1b8HQtDYwLh8KID0NT4ALQufPteJq-6GIA','2020-12-30 07:56:10'),(47,102,'eyJhbGciOiJIUzI1NiIsInR5cCI6IkpXVCJ9.eyJ1c2VyX2lkIjoxMDIsInJvbGUiOiJ1c2VyIiwiZXhwaXJlc09uIjoiMjAyMC0xMi0zMCAwODowODo0OSIsImlhdCI6MTYwOTIyOTMyOSwiZXhwIjoxNjA5MzE1NzI5fQ.8vNceJj45tifoayrL966QU_E9BuIXFJ1j3FCmrzgj9M','2020-12-30 08:08:49'),(48,100,'eyJhbGciOiJIUzI1NiIsInR5cCI6IkpXVCJ9.eyJ1c2VyX2lkIjoxMDAsInJvbGUiOiJ1c2VyIiwiZXhwaXJlc09uIjoiMjAyMC0xMi0zMCAwODo0ODo0OSIsImlhdCI6MTYwOTIzMTcyOSwiZXhwIjoxNjA5MzE4MTI5fQ.Nc4JysFs4Opgw4xf79QzPqMGlDQqeFAlRcWZqUS1Al4','2020-12-30 08:48:49'),(49,100,'eyJhbGciOiJIUzI1NiIsInR5cCI6IkpXVCJ9.eyJ1c2VyX2lkIjoxMDAsInJvbGUiOiJ1c2VyIiwiZXhwaXJlc09uIjoiMjAyMC0xMi0zMCAwODo1MDozNyIsImlhdCI6MTYwOTIzMTgzNywiZXhwIjoxNjA5MzE4MjM3fQ.yK-MicruvtL7BQK1e2wGd2D1SRv0q1jD5MYG2o8dqmg','2020-12-30 08:50:37'),(50,100,'eyJhbGciOiJIUzI1NiIsInR5cCI6IkpXVCJ9.eyJ1c2VyX2lkIjoxMDAsInJvbGUiOiJ1c2VyIiwiZXhwaXJlc09uIjoiMjAyMC0xMi0zMCAwODo1NjowMCIsImlhdCI6MTYwOTIzMjE2MCwiZXhwIjoxNjA5MzE4NTYwfQ.caxNY61YZFqnqhGyd61Y31hiI2hjux0Xs7QFZa1sjS0','2020-12-30 08:56:00'),(51,100,'eyJhbGciOiJIUzI1NiIsInR5cCI6IkpXVCJ9.eyJ1c2VyX2lkIjoxMDAsInJvbGUiOiJ1c2VyIiwiZXhwaXJlc09uIjoiMjAyMC0xMi0zMCAwODo1NzoyMyIsImlhdCI6MTYwOTIzMjI0MywiZXhwIjoxNjA5MzE4NjQzfQ.r1erlgEWNNbNOLnYyrlPlvphTtp3sXKD740ORDwgH4U','2020-12-30 08:57:23'),(52,102,'eyJhbGciOiJIUzI1NiIsInR5cCI6IkpXVCJ9.eyJ1c2VyX2lkIjoxMDIsInJvbGUiOiJ1c2VyIiwiZXhwaXJlc09uIjoiMjAyMC0xMi0zMCAwOToxNjozOCIsImlhdCI6MTYwOTIzMzM5OCwiZXhwIjoxNjA5MzE5Nzk4fQ.zICt-uDPe_S0HQhoJPJD427BFZ1gtkO_SHQPN8_3t_U','2020-12-30 09:16:38'),(53,101,'eyJhbGciOiJIUzI1NiIsInR5cCI6IkpXVCJ9.eyJ1c2VyX2lkIjoxMDEsInJvbGUiOiJhZG1pbiIsImV4cGlyZXNPbiI6IjIwMjAtMTItMzAgMTM6NTY6MTUiLCJpYXQiOjE2MDkyNTAxNzUsImV4cCI6MTYwOTMzNjU3NX0.6zMlS9ZvlgjbUu4F9mL_7PQpMtedoBNRuOCJ5vjmLS0','2020-12-30 13:56:15'),(54,102,'eyJhbGciOiJIUzI1NiIsInR5cCI6IkpXVCJ9.eyJ1c2VyX2lkIjoxMDIsInJvbGUiOiJ1c2VyIiwiZXhwaXJlc09uIjoiMjAyMC0xMi0zMCAxNDowMjozOCIsImlhdCI6MTYwOTI1MDU1OCwiZXhwIjoxNjA5MzM2OTU4fQ.D9elXBPanRLUzOoM60WYhOQfO7MVJ44GFsTV4OMrXkg','2020-12-30 14:02:38'),(55,100,'eyJhbGciOiJIUzI1NiIsInR5cCI6IkpXVCJ9.eyJ1c2VyX2lkIjoxMDAsInJvbGUiOiJ1c2VyIiwiZXhwaXJlc09uIjoiMjAyMC0xMi0zMCAxNDowMzoxMCIsImlhdCI6MTYwOTI1MDU5MCwiZXhwIjoxNjA5MzM2OTkwfQ.C_zA_YQbqB8lH-EbLXUJ0o4_qWO7GXtrsuCnAP4MJWw','2020-12-30 14:03:10'),(56,101,'eyJhbGciOiJIUzI1NiIsInR5cCI6IkpXVCJ9.eyJ1c2VyX2lkIjoxMDEsInJvbGUiOiJhZG1pbiIsImV4cGlyZXNPbiI6IjIwMjAtMTItMzAgMTQ6MTI6NDQiLCJpYXQiOjE2MDkyNTExNjQsImV4cCI6MTYwOTMzNzU2NH0.AjkdJgk0uBLj_a7cA22_8n3Kp7iKWBpbh87q4RdFvMw','2020-12-30 14:12:44'),(57,100,'eyJhbGciOiJIUzI1NiIsInR5cCI6IkpXVCJ9.eyJ1c2VyX2lkIjoxMDAsInJvbGUiOiJ1c2VyIiwiZXhwaXJlc09uIjoiMjAyMC0xMi0zMCAxNDoyMTo0MSIsImlhdCI6MTYwOTI1MTcwMSwiZXhwIjoxNjA5MzM4MTAxfQ.WmxqIrZMkrCQiUMOgEEkdOiKrJ-FOgGbaGoWq1t0gJI','2020-12-30 14:21:41'),(58,101,'eyJhbGciOiJIUzI1NiIsInR5cCI6IkpXVCJ9.eyJ1c2VyX2lkIjoxMDEsInJvbGUiOiJhZG1pbiIsImV4cGlyZXNPbiI6IjIwMjAtMTItMzAgMTQ6MjQ6MTgiLCJpYXQiOjE2MDkyNTE4NTgsImV4cCI6MTYwOTMzODI1OH0.g8BxCrArJbbNWwfijMVkv7ZU7iH80aC2V0yEv5ga3qc','2020-12-30 14:24:18'),(59,101,'eyJhbGciOiJIUzI1NiIsInR5cCI6IkpXVCJ9.eyJ1c2VyX2lkIjoxMDEsInJvbGUiOiJhZG1pbiIsImV4cGlyZXNPbiI6IjIwMjAtMTItMzAgMTQ6Mjg6MTUiLCJpYXQiOjE2MDkyNTIwOTUsImV4cCI6MTYwOTMzODQ5NX0.oPVJa6_5KepvSylJdJ92zIEckDph45w3X8GDNmeHFAQ','2020-12-30 14:28:15'),(60,102,'eyJhbGciOiJIUzI1NiIsInR5cCI6IkpXVCJ9.eyJ1c2VyX2lkIjoxMDIsInJvbGUiOiJ1c2VyIiwiZXhwaXJlc09uIjoiMjAyMC0xMi0zMCAxNDozMDo0NSIsImlhdCI6MTYwOTI1MjI0NSwiZXhwIjoxNjA5MzM4NjQ1fQ.TjVoToa4_SrFHvWfTDsYd06V-TJjqETIBe6zpORoLmM','2020-12-30 14:30:45'),(61,100,'eyJhbGciOiJIUzI1NiIsInR5cCI6IkpXVCJ9.eyJ1c2VyX2lkIjoxMDAsInJvbGUiOiJ1c2VyIiwiZXhwaXJlc09uIjoiMjAyMC0xMi0zMCAxNDo0MDo0MSIsImlhdCI6MTYwOTI1Mjg0MSwiZXhwIjoxNjA5MzM5MjQxfQ.aXipmwMGijRX9NeumtImwLoEedxC-ihR3q7VlBfY-Vo','2020-12-30 14:40:41'),(62,102,'eyJhbGciOiJIUzI1NiIsInR5cCI6IkpXVCJ9.eyJ1c2VyX2lkIjoxMDIsInJvbGUiOiJ1c2VyIiwiZXhwaXJlc09uIjoiMjAyMC0xMi0zMCAxNDo0MzowMSIsImlhdCI6MTYwOTI1Mjk4MSwiZXhwIjoxNjA5MzM5MzgxfQ.OHdIMa57szuzv9t_xBDeLQ0XoHAibSBqWBU3bqVnr0c','2020-12-30 14:43:01'),(63,102,'eyJhbGciOiJIUzI1NiIsInR5cCI6IkpXVCJ9.eyJ1c2VyX2lkIjoxMDIsInJvbGUiOiJ1c2VyIiwiZXhwaXJlc09uIjoiMjAyMC0xMi0zMCAxNDo1MDo1OCIsImlhdCI6MTYwOTI1MzQ1OCwiZXhwIjoxNjA5MzM5ODU4fQ.tzr-LDO1L8ir-lwhaAvCSo4kAAhhhHTx50_h5uTzlpo','2020-12-30 14:50:58'),(64,101,'eyJhbGciOiJIUzI1NiIsInR5cCI6IkpXVCJ9.eyJ1c2VyX2lkIjoxMDEsInJvbGUiOiJhZG1pbiIsImV4cGlyZXNPbiI6IjIwMjAtMTItMzAgMTQ6NTU6MjIiLCJpYXQiOjE2MDkyNTM3MjIsImV4cCI6MTYwOTM0MDEyMn0.OuBjr5sCkVoua4eh3F9c8GrHrT2jWeBR-vagTHOubQ0','2020-12-30 14:55:22'),(65,128,'eyJhbGciOiJIUzI1NiIsInR5cCI6IkpXVCJ9.eyJ1c2VyX2lkIjoxMjgsInJvbGUiOiJ1c2VyIiwiZXhwaXJlc09uIjoiMjAyMC0xMi0zMCAxNDo1OTozNSIsImlhdCI6MTYwOTI1Mzk3NSwiZXhwIjoxNjA5MzQwMzc1fQ.XEGHshVDU6uaRwzXAAk2YVPOfRF-0xS7juY3ky83w7Q','2020-12-30 14:59:35'),(66,100,'eyJhbGciOiJIUzI1NiIsInR5cCI6IkpXVCJ9.eyJ1c2VyX2lkIjoxMDAsInJvbGUiOiJ1c2VyIiwiZXhwaXJlc09uIjoiMjAyMC0xMi0zMSAwMTo0OToyMCIsImlhdCI6MTYwOTI5Mjk2MCwiZXhwIjoxNjA5Mzc5MzYwfQ.ZVAcDezmxQ58OIYOMZKcoTmNlW5dQFe0X-ryCHi5nV0','2020-12-31 01:49:20'),(67,100,'eyJhbGciOiJIUzI1NiIsInR5cCI6IkpXVCJ9.eyJ1c2VyX2lkIjoxMDAsInJvbGUiOiJ1c2VyIiwiZXhwaXJlc09uIjoiMjAyMC0xMi0zMSAwMTo0OTozOSIsImlhdCI6MTYwOTI5Mjk3OSwiZXhwIjoxNjA5Mzc5Mzc5fQ.vKmtvfEayYQQjayIKeIG4oP8IxcnS-g9-ofJ2c__tec','2020-12-31 01:49:39'),(68,102,'eyJhbGciOiJIUzI1NiIsInR5cCI6IkpXVCJ9.eyJ1c2VyX2lkIjoxMDIsInJvbGUiOiJ1c2VyIiwiZXhwaXJlc09uIjoiMjAyMC0xMi0zMSAwMjoyMDozNyIsImlhdCI6MTYwOTI5NDgzNywiZXhwIjoxNjA5MzgxMjM3fQ._BTy4J8PTjHYNxKRDMPHe7MbL94-cUllmHRnZrdTKwk','2020-12-31 02:20:37'),(69,100,'eyJhbGciOiJIUzI1NiIsInR5cCI6IkpXVCJ9.eyJ1c2VyX2lkIjoxMDAsInJvbGUiOiJ1c2VyIiwiZXhwaXJlc09uIjoiMjAyMC0xMi0zMSAwMjoyODoyOSIsImlhdCI6MTYwOTI5NTMwOSwiZXhwIjoxNjA5MzgxNzA5fQ.hKyQFbF9Brbd2OAf4wXL5aCTUK3tO7fI2GaOCpBVR_I','2020-12-31 02:28:29'),(70,100,'eyJhbGciOiJIUzI1NiIsInR5cCI6IkpXVCJ9.eyJ1c2VyX2lkIjoxMDAsInJvbGUiOiJ1c2VyIiwiZXhwaXJlc09uIjoiMjAyMC0xMi0zMSAwMjozMToyMiIsImlhdCI6MTYwOTI5NTQ4MiwiZXhwIjoxNjA5MzgxODgyfQ.BLFfkiTSHgFlbRQe6O3elv_DmzSjJ72JF4CysB_w5As','2020-12-31 02:31:22'),(71,100,'eyJhbGciOiJIUzI1NiIsInR5cCI6IkpXVCJ9.eyJ1c2VyX2lkIjoxMDAsInJvbGUiOiJ1c2VyIiwiZXhwaXJlc09uIjoiMjAyMC0xMi0zMSAwMjo0Njo0OCIsImlhdCI6MTYwOTI5NjQwOCwiZXhwIjoxNjA5MzgyODA4fQ.JMtKnXob8eg1EeLRGhr62XB2HtbZPxpiNAxzpmZ7EtU','2020-12-31 02:46:48'),(72,100,'eyJhbGciOiJIUzI1NiIsInR5cCI6IkpXVCJ9.eyJ1c2VyX2lkIjoxMDAsInJvbGUiOiJ1c2VyIiwiZXhwaXJlc09uIjoiMjAyMC0xMi0zMSAwMjo0NzoyMyIsImlhdCI6MTYwOTI5NjQ0MywiZXhwIjoxNjA5MzgyODQzfQ.3SeHe_ctWuninaGsA8lOj-ZdgrUR410CNn5q16rYxg4','2020-12-31 02:47:23'),(73,102,'eyJhbGciOiJIUzI1NiIsInR5cCI6IkpXVCJ9.eyJ1c2VyX2lkIjoxMDIsInJvbGUiOiJ1c2VyIiwiZXhwaXJlc09uIjoiMjAyMC0xMi0zMSAwMzowMjoxOCIsImlhdCI6MTYwOTI5NzMzOCwiZXhwIjoxNjA5MzgzNzM4fQ.VUg8zDEMRgPm3NwJ1KqHxTLNwz2HOlOXeqB6QVEn3eo','2020-12-31 03:02:18'),(74,100,'eyJhbGciOiJIUzI1NiIsInR5cCI6IkpXVCJ9.eyJ1c2VyX2lkIjoxMDAsInJvbGUiOiJ1c2VyIiwiZXhwaXJlc09uIjoiMjAyMC0xMi0zMSAwMzowNjo0OSIsImlhdCI6MTYwOTI5NzYwOSwiZXhwIjoxNjA5Mzg0MDA5fQ.e-gUVIKLBMkG1gwHRh7aLY5s5UAfoVaVtSd2XavNCDE','2020-12-31 03:06:49'),(75,100,'eyJhbGciOiJIUzI1NiIsInR5cCI6IkpXVCJ9.eyJ1c2VyX2lkIjoxMDAsInJvbGUiOiJ1c2VyIiwiZXhwaXJlc09uIjoiMjAyMC0xMi0zMSAwNzozMTo1MiIsImlhdCI6MTYwOTMxMzUxMiwiZXhwIjoxNjA5Mzk5OTEyfQ.RsPoMKN1dINGvc9LIu4fVYGiXM2B6P2EO-9WKYfbOAc','2020-12-31 07:31:52'),(76,100,'eyJhbGciOiJIUzI1NiIsInR5cCI6IkpXVCJ9.eyJ1c2VyX2lkIjoxMDAsInJvbGUiOiJ1c2VyIiwiZXhwaXJlc09uIjoiMjAyMC0xMi0zMSAwNzo0MTowMSIsImlhdCI6MTYwOTMxNDA2MSwiZXhwIjoxNjA5NDAwNDYxfQ.emBjA9B8Pf1gfYRJ-hwi_w4Pr8WNSydsilev1hrFAso','2020-12-31 07:41:01'),(77,100,'eyJhbGciOiJIUzI1NiIsInR5cCI6IkpXVCJ9.eyJ1c2VyX2lkIjoxMDAsInJvbGUiOiJ1c2VyIiwiZXhwaXJlc09uIjoiMjAyMC0xMi0zMSAxMDoyMTowOSIsImlhdCI6MTYwOTMyMzY2OSwiZXhwIjoxNjA5NDEwMDY5fQ.5U5XL1TzMCa2iqr-U8BJUZvjT9zyrTaEeJOOKab-sYw','2020-12-31 10:21:09'),(78,100,'eyJhbGciOiJIUzI1NiIsInR5cCI6IkpXVCJ9.eyJ1c2VyX2lkIjoxMDAsInJvbGUiOiJ1c2VyIiwiZXhwaXJlc09uIjoiMjAyMC0xMi0zMSAxMjo0OTo1MSIsImlhdCI6MTYwOTMzMjU5MSwiZXhwIjoxNjA5NDE4OTkxfQ.3JV3wZj7TLGtq9oX7BydfbaxfV4pqdgSDKPaaTkM5no','2020-12-31 12:49:51'),(79,102,'eyJhbGciOiJIUzI1NiIsInR5cCI6IkpXVCJ9.eyJ1c2VyX2lkIjoxMDIsInJvbGUiOiJ1c2VyIiwiZXhwaXJlc09uIjoiMjAyMC0xMi0zMSAxNToyNzo0NiIsImlhdCI6MTYwOTM0MjA2NiwiZXhwIjoxNjA5NDI4NDY2fQ.KoiW4yomhpLhnNAjL3NFO9J3rysuJe96RFuHjyH1XK4','2020-12-31 15:27:46'),(80,102,'eyJhbGciOiJIUzI1NiIsInR5cCI6IkpXVCJ9.eyJ1c2VyX2lkIjoxMDIsInJvbGUiOiJ1c2VyIiwiZXhwaXJlc09uIjoiMjAyMC0xMi0zMSAxNTo0MTowOSIsImlhdCI6MTYwOTM0Mjg2OSwiZXhwIjoxNjA5NDI5MjY5fQ.BeDW6RC0nU98VNLPUXBWHRQCIt4CwYgvVQ5L6mhXf5o','2020-12-31 15:41:09'),(81,102,'eyJhbGciOiJIUzI1NiIsInR5cCI6IkpXVCJ9.eyJ1c2VyX2lkIjoxMDIsInJvbGUiOiJ1c2VyIiwiZXhwaXJlc09uIjoiMjAyMS0wMS0wMSAxMzoyMzo1MCIsImlhdCI6MTYwOTQyMTAzMCwiZXhwIjoxNjA5NTA3NDMwfQ.r2qaX1L6pto7u-ibM7yRKFXUrHYX3sMBU-v2of2-xEs','2021-01-01 13:23:50'),(82,100,'eyJhbGciOiJIUzI1NiIsInR5cCI6IkpXVCJ9.eyJ1c2VyX2lkIjoxMDAsInJvbGUiOiJ1c2VyIiwiZXhwaXJlc09uIjoiMjAyMS0wMS0wMSAxMzo1NjozMSIsImlhdCI6MTYwOTQyMjk5MSwiZXhwIjoxNjA5NTA5MzkxfQ.hGpUOF9Nmnqv5zTYSpSCxVfwCzETZRn1PC0Mlcah3p8','2021-01-01 13:56:31'),(83,100,'eyJhbGciOiJIUzI1NiIsInR5cCI6IkpXVCJ9.eyJ1c2VyX2lkIjoxMDAsInJvbGUiOiJ1c2VyIiwiZXhwaXJlc09uIjoiMjAyMS0wMS0wMSAxNTowMzoxNiIsImlhdCI6MTYwOTQyNjk5NiwiZXhwIjoxNjA5NTEzMzk2fQ.2ji1FtbcbGAh-PyZI-kaDYFgI4gYIFblXAPTMnfodNE','2021-01-01 15:03:16'),(84,105,'eyJhbGciOiJIUzI1NiIsInR5cCI6IkpXVCJ9.eyJ1c2VyX2lkIjoxMDUsInJvbGUiOiJ1c2VyIiwiZXhwaXJlc09uIjoiMjAyMS0wMS0wMSAxNTowNDo0MiIsImlhdCI6MTYwOTQyNzA4MiwiZXhwIjoxNjA5NTEzNDgyfQ.c-dKoMpI5mCDnkapXmDi4j6qYgbG7Rmloecnu9sa3-c','2021-01-01 15:04:42'),(85,101,'eyJhbGciOiJIUzI1NiIsInR5cCI6IkpXVCJ9.eyJ1c2VyX2lkIjoxMDEsInJvbGUiOiJhZG1pbiIsImV4cGlyZXNPbiI6IjIwMjEtMDEtMDEgMTU6MTA6NDIiLCJpYXQiOjE2MDk0Mjc0NDIsImV4cCI6MTYwOTUxMzg0Mn0.QCuCWqWvwv8jYCPjJlKgZNs_-Cg5QROHwKlzeNSDedI','2021-01-01 15:10:42'),(86,101,'eyJhbGciOiJIUzI1NiIsInR5cCI6IkpXVCJ9.eyJ1c2VyX2lkIjoxMDEsInJvbGUiOiJhZG1pbiIsImV4cGlyZXNPbiI6IjIwMjEtMDEtMDEgMTU6Mjg6MjIiLCJpYXQiOjE2MDk0Mjg1MDIsImV4cCI6MTYwOTUxNDkwMn0.WhgJCeD5Z84X_dYBEIh363H7IUfEGX4n55Ygw7ZzDRM','2021-01-01 15:28:22'),(87,101,'eyJhbGciOiJIUzI1NiIsInR5cCI6IkpXVCJ9.eyJ1c2VyX2lkIjoxMDEsInJvbGUiOiJhZG1pbiIsImV4cGlyZXNPbiI6IjIwMjEtMDEtMDEgMTU6Mjg6MjIiLCJpYXQiOjE2MDk0Mjg1MDIsImV4cCI6MTYwOTUxNDkwMn0.WhgJCeD5Z84X_dYBEIh363H7IUfEGX4n55Ygw7ZzDRM','2021-01-01 15:28:22'),(88,101,'eyJhbGciOiJIUzI1NiIsInR5cCI6IkpXVCJ9.eyJ1c2VyX2lkIjoxMDEsInJvbGUiOiJhZG1pbiIsImV4cGlyZXNPbiI6IjIwMjEtMDEtMDEgMTU6Mjg6MjIiLCJpYXQiOjE2MDk0Mjg1MDIsImV4cCI6MTYwOTUxNDkwMn0.WhgJCeD5Z84X_dYBEIh363H7IUfEGX4n55Ygw7ZzDRM','2021-01-01 15:28:22'),(89,100,'eyJhbGciOiJIUzI1NiIsInR5cCI6IkpXVCJ9.eyJ1c2VyX2lkIjoxMDAsInJvbGUiOiJ1c2VyIiwiZXhwaXJlc09uIjoiMjAyMS0wMS0wMSAxNTo1MjoyMiIsImlhdCI6MTYwOTQyOTk0MiwiZXhwIjoxNjA5NTE2MzQyfQ.BvePqsqgPEzRs3pTJiMos1tQR51WiOuP6A7TLSqsT-o','2021-01-01 15:52:22'),(90,100,'eyJhbGciOiJIUzI1NiIsInR5cCI6IkpXVCJ9.eyJ1c2VyX2lkIjoxMDAsInJvbGUiOiJ1c2VyIiwiZXhwaXJlc09uIjoiMjAyMS0wMS0wMSAxNTo1MzoxNSIsImlhdCI6MTYwOTQyOTk5NSwiZXhwIjoxNjA5NTE2Mzk1fQ.ixspBgS2uIx5AbZJLID8-uaP2Ry4ptoW7ltLoafnBxw','2021-01-01 15:53:15'),(91,101,'eyJhbGciOiJIUzI1NiIsInR5cCI6IkpXVCJ9.eyJ1c2VyX2lkIjoxMDEsInJvbGUiOiJhZG1pbiIsImV4cGlyZXNPbiI6IjIwMjEtMDEtMDEgMTU6NTM6MzQiLCJpYXQiOjE2MDk0MzAwMTQsImV4cCI6MTYwOTUxNjQxNH0.3-zM_q_fKnojKv5npqZNs8UshgNEZYvTIdP0rvfde74','2021-01-01 15:53:34'),(92,101,'eyJhbGciOiJIUzI1NiIsInR5cCI6IkpXVCJ9.eyJ1c2VyX2lkIjoxMDEsInJvbGUiOiJhZG1pbiIsImV4cGlyZXNPbiI6IjIwMjEtMDEtMDEgMTY6Mjk6MjgiLCJpYXQiOjE2MDk0MzIxNjgsImV4cCI6MTYwOTUxODU2OH0._qZepPw5io3VORpLDtzi06l6a4zY_nwAH-7yr0vHpAQ','2021-01-01 16:29:28'),(93,100,'eyJhbGciOiJIUzI1NiIsInR5cCI6IkpXVCJ9.eyJ1c2VyX2lkIjoxMDAsInJvbGUiOiJ1c2VyIiwiZXhwaXJlc09uIjoiMjAyMS0wMS0wMiAwMDoxMDo0NSIsImlhdCI6MTYwOTQ1OTg0NSwiZXhwIjoxNjA5NTQ2MjQ1fQ.7xWX2nYmbblE_WcAhHdgj8sA9EOU-Pon_yEbzu09vmw','2021-01-02 00:10:45'),(94,101,'eyJhbGciOiJIUzI1NiIsInR5cCI6IkpXVCJ9.eyJ1c2VyX2lkIjoxMDEsInJvbGUiOiJhZG1pbiIsImV4cGlyZXNPbiI6IjIwMjEtMDEtMDIgMDA6MTE6MzgiLCJpYXQiOjE2MDk0NTk4OTgsImV4cCI6MTYwOTU0NjI5OH0.7TfFs3AXABx3waxHcpeTuGg1cl9-AwgoH2PYBZkWL9g','2021-01-02 00:11:38'),(95,101,'eyJhbGciOiJIUzI1NiIsInR5cCI6IkpXVCJ9.eyJ1c2VyX2lkIjoxMDEsInJvbGUiOiJhZG1pbiIsImV4cGlyZXNPbiI6IjIwMjEtMDEtMDIgMDE6MTU6MzgiLCJpYXQiOjE2MDk0NjM3MzgsImV4cCI6MTYwOTU1MDEzOH0.dyl95Mk2kQfrR_bf6kA5BpCUdKJjHztQhq1g5oaayVk','2021-01-02 01:15:38'),(96,100,'eyJhbGciOiJIUzI1NiIsInR5cCI6IkpXVCJ9.eyJ1c2VyX2lkIjoxMDAsInJvbGUiOiJ1c2VyIiwiZXhwaXJlc09uIjoiMjAyMS0wMS0wMiAwMzo1MjoxMiIsImlhdCI6MTYwOTQ3MzEzMiwiZXhwIjoxNjA5NTU5NTMyfQ.vcMvy-PJrCg7-0aL4BJwpSWPSkjyJtgo7-VxX6lDPBA','2021-01-02 03:52:12'),(97,100,'eyJhbGciOiJIUzI1NiIsInR5cCI6IkpXVCJ9.eyJ1c2VyX2lkIjoxMDAsInJvbGUiOiJ1c2VyIiwiZXhwaXJlc09uIjoiMjAyMS0wMS0wMiAwNDoyMDowNiIsImlhdCI6MTYwOTQ3NDgwNiwiZXhwIjoxNjA5NTYxMjA2fQ.Bhz0HdnV3LBCPJPOoQaNMLrWyAPz41ssiFxes2Ux7Es','2021-01-02 04:20:06'),(98,101,'eyJhbGciOiJIUzI1NiIsInR5cCI6IkpXVCJ9.eyJ1c2VyX2lkIjoxMDEsInJvbGUiOiJhZG1pbiIsImV4cGlyZXNPbiI6IjIwMjEtMDEtMDIgMDc6NTc6MzMiLCJpYXQiOjE2MDk0ODc4NTMsImV4cCI6MTYwOTU3NDI1M30.Z1MnsRis7VX8lhtgY0nYhnEczYREWELxhpj7J_z6BpI','2021-01-02 07:57:33'),(99,102,'eyJhbGciOiJIUzI1NiIsInR5cCI6IkpXVCJ9.eyJ1c2VyX2lkIjoxMDIsInJvbGUiOiJ1c2VyIiwiZXhwaXJlc09uIjoiMjAyMS0wMS0wMyAwOToyMDo0NiIsImlhdCI6MTYwOTU3OTI0NiwiZXhwIjoxNjA5NjY1NjQ2fQ.DQs4j-HPamR6BYAdlKzDcPa7cbS0sOkT-I-s43GZUWk','2021-01-03 09:20:46'),(100,100,'eyJhbGciOiJIUzI1NiIsInR5cCI6IkpXVCJ9.eyJ1c2VyX2lkIjoxMDAsInJvbGUiOiJ1c2VyIiwiZXhwaXJlc09uIjoiMjAyMS0wMS0wMyAwOTo0MDozMyIsImlhdCI6MTYwOTU4MDQzMywiZXhwIjoxNjA5NjY2ODMzfQ.Y7dUo1H-G_xJfLiFFI2K4BPjC6P9QyzAb36QfIWhlMc','2021-01-03 09:40:33'),(101,101,'eyJhbGciOiJIUzI1NiIsInR5cCI6IkpXVCJ9.eyJ1c2VyX2lkIjoxMDEsInJvbGUiOiJhZG1pbiIsImV4cGlyZXNPbiI6IjIwMjEtMDEtMDMgMTA6MTQ6NDMiLCJpYXQiOjE2MDk1ODI0ODMsImV4cCI6MTYwOTY2ODg4M30.G4eaSXHfFfVo0CZHa4Ub7Jfvqs10Cm0GiFK4gC0X1Xk','2021-01-03 10:14:43'),(102,100,'eyJhbGciOiJIUzI1NiIsInR5cCI6IkpXVCJ9.eyJ1c2VyX2lkIjoxMDAsInJvbGUiOiJ1c2VyIiwiZXhwaXJlc09uIjoiMjAyMS0wMS0wMyAxMDo0MjozMyIsImlhdCI6MTYwOTU4NDE1MywiZXhwIjoxNjA5NjcwNTUzfQ.nQZ7pcFNnRL-D3HyuiX-8Tishf848efC7MC6BSwSh_I','2021-01-03 10:42:33'),(103,101,'eyJhbGciOiJIUzI1NiIsInR5cCI6IkpXVCJ9.eyJ1c2VyX2lkIjoxMDEsInJvbGUiOiJhZG1pbiIsImV4cGlyZXNPbiI6IjIwMjEtMDEtMDMgMTA6NTY6MTgiLCJpYXQiOjE2MDk1ODQ5NzgsImV4cCI6MTYwOTY3MTM3OH0._98BmQPDh6N_MIOA1Worbz-ohiFAABi6CnX0hzuTkZg','2021-01-03 10:56:18'),(104,102,'eyJhbGciOiJIUzI1NiIsInR5cCI6IkpXVCJ9.eyJ1c2VyX2lkIjoxMDIsInJvbGUiOiJ1c2VyIiwiZXhwaXJlc09uIjoiMjAyMS0wMS0wMyAxMTowMjozNyIsImlhdCI6MTYwOTU4NTM1NywiZXhwIjoxNjA5NjcxNzU3fQ.t4_mMsIkmMUz6ytmRo7Zm6m7Nol6JE5GYKuWgYnxpJQ','2021-01-03 11:02:37'),(105,101,'eyJhbGciOiJIUzI1NiIsInR5cCI6IkpXVCJ9.eyJ1c2VyX2lkIjoxMDEsInJvbGUiOiJhZG1pbiIsImV4cGlyZXNPbiI6IjIwMjEtMDEtMDMgMTE6MDY6MTIiLCJpYXQiOjE2MDk1ODU1NzIsImV4cCI6MTYwOTY3MTk3Mn0.Zl5AjmDq_oP7sznZwiGP8jWHKqgVvSbj1DCy8e9YwZM','2021-01-03 11:06:12'),(106,102,'eyJhbGciOiJIUzI1NiIsInR5cCI6IkpXVCJ9.eyJ1c2VyX2lkIjoxMDIsInJvbGUiOiJ1c2VyIiwiZXhwaXJlc09uIjoiMjAyMS0wMS0wMyAxMToxMjoxNSIsImlhdCI6MTYwOTU4NTkzNSwiZXhwIjoxNjA5NjcyMzM1fQ.dvwaddKN1Z-3UhlWhjtvFX4kyV4_VswNQVCHPwaJv88','2021-01-03 11:12:15'),(107,101,'eyJhbGciOiJIUzI1NiIsInR5cCI6IkpXVCJ9.eyJ1c2VyX2lkIjoxMDEsInJvbGUiOiJhZG1pbiIsImV4cGlyZXNPbiI6IjIwMjEtMDEtMDMgMTE6MTM6MTUiLCJpYXQiOjE2MDk1ODU5OTUsImV4cCI6MTYwOTY3MjM5NX0.ly6Hu8H-MFgfqsPyviIfeqXy2LdWzAUeMcj3KnVF7Xw','2021-01-03 11:13:15'),(108,101,'eyJhbGciOiJIUzI1NiIsInR5cCI6IkpXVCJ9.eyJ1c2VyX2lkIjoxMDEsInJvbGUiOiJhZG1pbiIsImV4cGlyZXNPbiI6IjIwMjEtMDEtMDMgMTE6MTU6NTUiLCJpYXQiOjE2MDk1ODYxNTUsImV4cCI6MTYwOTY3MjU1NX0.fOLrqSWXzUfgs2Mpe5DYydlECvAYG9YspKxRX2Lf2sQ','2021-01-03 11:15:55'),(109,101,'eyJhbGciOiJIUzI1NiIsInR5cCI6IkpXVCJ9.eyJ1c2VyX2lkIjoxMDEsInJvbGUiOiJhZG1pbiIsImV4cGlyZXNPbiI6IjIwMjEtMDEtMDMgMTE6MzE6MjMiLCJpYXQiOjE2MDk1ODcwODMsImV4cCI6MTYwOTY3MzQ4M30.Nti0sZM11R4DWYOI9-pjsfB4NK1lEpfpmBUfPcVizjU','2021-01-03 11:31:23'),(110,100,'eyJhbGciOiJIUzI1NiIsInR5cCI6IkpXVCJ9.eyJ1c2VyX2lkIjoxMDAsInJvbGUiOiJ1c2VyIiwiZXhwaXJlc09uIjoiMjAyMS0wMS0wMyAxMTozMjoyMiIsImlhdCI6MTYwOTU4NzE0MiwiZXhwIjoxNjA5NjczNTQyfQ.sdXyTfwdhPYAAEjy0EJSkEgkBnsS4miK5DgTF3zugYo','2021-01-03 11:32:22'),(111,100,'eyJhbGciOiJIUzI1NiIsInR5cCI6IkpXVCJ9.eyJ1c2VyX2lkIjoxMDAsInJvbGUiOiJ1c2VyIiwiZXhwaXJlc09uIjoiMjAyMS0wMS0wMyAxMTozMjozMCIsImlhdCI6MTYwOTU4NzE1MCwiZXhwIjoxNjA5NjczNTUwfQ.J_m6rgKauRv88pYRiTLKT07ju_kkYW0WotWRv0Z45Kg','2021-01-03 11:32:30'),(112,100,'eyJhbGciOiJIUzI1NiIsInR5cCI6IkpXVCJ9.eyJ1c2VyX2lkIjoxMDAsInJvbGUiOiJ1c2VyIiwiZXhwaXJlc09uIjoiMjAyMS0wMS0wMyAxNDozNzoyNCIsImlhdCI6MTYwOTU5ODI0NCwiZXhwIjoxNjA5Njg0NjQ0fQ.CKruLWa0h8BssfO8Yn_NqTvdtgKFdW7WiJCKdJNGBJ4','2021-01-03 14:37:24');
/*!40000 ALTER TABLE `blacklistedjwt` ENABLE KEYS */;
UNLOCK TABLES;

--
-- Table structure for table `file`
--

DROP TABLE IF EXISTS `file`;
/*!40101 SET @saved_cs_client     = @@character_set_client */;
/*!50503 SET character_set_client = utf8mb4 */;
CREATE TABLE `file` (
  `file_id` int(11) NOT NULL AUTO_INCREMENT,
  `cloudinary_file_id` varchar(255) COLLATE latin1_general_ci NOT NULL,
  `cloudinary_url` varchar(255) COLLATE latin1_general_ci NOT NULL,
  `design_title` varchar(100) COLLATE latin1_general_ci NOT NULL,
  `design_description` varchar(255) COLLATE latin1_general_ci NOT NULL,
  `created_by_id` int(11) DEFAULT NULL,
  PRIMARY KEY (`file_id`)
) ENGINE=InnoDB AUTO_INCREMENT=126 DEFAULT CHARSET=latin1 COLLATE=latin1_general_ci;
/*!40101 SET character_set_client = @saved_cs_client */;

--
-- Dumping data for table `file`
--

LOCK TABLES `file` WRITE;
/*!40000 ALTER TABLE `file` DISABLE KEYS */;
INSERT INTO `file` VALUES (100,'Design/c8rt9mxacd7z5mwsgilb','http://res.cloudinary.com/sweetiesara/image/upload/v1607585863/Design/c8rt9mxacd7z5mwsgilb.png','rita design 1','rita design 1 description text 1 text 2 text 3 text 4 text 5..6',100),(101,'Design/zjcjzeoxo54b2buack6u','http://res.cloudinary.com/sweetiesara/image/upload/v1607585865/Design/zjcjzeoxo54b2buack6u.png','rita design 2','rita design 2 description text 1 text 2 text 3 text 4 ....',100),(102,'Design/ew00ftdibezhouy7yght','http://res.cloudinary.com/sweetiesara/image/upload/v1607585867/Design/ew00ftdibezhouy7yght.png','<script>alert(‘XSS’)</script>','a',100),(103,'Design/fwnu2stsab0kdnnlk88d','http://res.cloudinary.com/sweetiesara/image/upload/v1607585868/Design/fwnu2stsab0kdnnlk88d.png','Design 4','testing 4',100),(104,'Design/rrgkuls01jahrcaeqfgx','http://res.cloudinary.com/sweetiesara/image/upload/v1607585870/Design/rrgkuls01jahrcaeqfgx.png','Design 4','four',100),(105,'Design/ttlae7yse4oht56dradj','http://res.cloudinary.com/sweetiesara/image/upload/v1607585872/Design/ttlae7yse4oht56dradj.png','<script>alert(\'TEST\');</script>','Testing',100),(106,'Design/z1brjyflfldik018yqoi','http://res.cloudinary.com/sweetiesara/image/upload/v1607585873/Design/z1brjyflfldik018yqoi.png','rita design 7','rita design 7 description text 1 text 2 text 3 text 4 ....',100),(107,'Design/o4zgot9vwflzbrd5a0tk','http://res.cloudinary.com/sweetiesara/image/upload/v1607585875/Design/o4zgot9vwflzbrd5a0tk.png','rita design 8','rita design 8 description text 1 text 2 text 3 text 4 ....',100),(108,'Design/yj4wxyu1nriq8fw2ymhq','http://res.cloudinary.com/sweetiesara/image/upload/v1607585876/Design/yj4wxyu1nriq8fw2ymhq.png','rita design 9','rita design 9 description text 1 text 2 text 3 text 4 ....',100),(109,'Design/guk5hasyno6roogrgfgy','http://res.cloudinary.com/sweetiesara/image/upload/v1607585878/Design/guk5hasyno6roogrgfgy.png','rita design 10','rita design 10 description text 1 text 2 text 3 text 4 ....',100),(110,'Design/dvxtctlcdvvl3iuh0khl','http://res.cloudinary.com/sweetiesara/image/upload/v1607585879/Design/dvxtctlcdvvl3iuh0khl.png','rita design 11','rita design 11 description text 1 text 2 text 3 text 4 ....',100),(111,'Design/hgalsfopiwaenxvrr38g','http://res.cloudinary.com/sweetiesara/image/upload/v1607585881/Design/hgalsfopiwaenxvrr38g.png','rita design 19a','rita design 12 description text 1 text 2 text 3 text 4 text 5',100),(112,'Design/ijaeisijjs3vm8dham1u','http://res.cloudinary.com/sweetiesara/image/upload/v1607586488/Design/ijaeisijjs3vm8dham1u.png','Design A','Description A',100),(113,'Design/kcwcoxikvkymvcpur9zm','http://res.cloudinary.com/sweetiesara/image/upload/v1608013125/Design/kcwcoxikvkymvcpur9zm.png','Testing','Testing',105),(114,'Design/vly4y2p9hgzoevhxtosx','http://res.cloudinary.com/sweetiesara/image/upload/v1608299902/Design/vly4y2p9hgzoevhxtosx.png','Design B','Testing B',102),(115,'Design/eks5m1z0h9jqzoct9wrm','http://res.cloudinary.com/sweetiesara/image/upload/v1608387249/Design/eks5m1z0h9jqzoct9wrm.png','random','teast',105),(116,'Design/i56we5wcosnc5v03ptf8','http://res.cloudinary.com/sweetiesara/image/upload/v1608778058/Design/i56we5wcosnc5v03ptf8.png','Design C','Testing Design C',100),(117,'Design/nzyo7mrrpn99bkr41vgc','http://res.cloudinary.com/sweetiesara/image/upload/v1609145227/Design/nzyo7mrrpn99bkr41vgc.png','Design 7','Testing 123',102),(118,'Design/wfu43crrpe9vzowuly6c','http://res.cloudinary.com/sweetiesara/image/upload/v1609226641/Design/wfu43crrpe9vzowuly6c.png','<script>alert(\"HI\");</script>','asdfasd <scipt>oijoj</script>',102),(119,'Design/vjovk81pnorfkikhntrc','http://res.cloudinary.com/sweetiesara/image/upload/v1609229359/Design/vjovk81pnorfkikhntrc.png','Design 12','testing 12',102),(120,'Design/nskziutwcb5jmt1m5wre','http://res.cloudinary.com/sweetiesara/image/upload/v1609252338/Design/nskziutwcb5jmt1m5wre.png','Design 13','<script>alert(\'XSS\')</script>',102),(121,'Design/u2a6bzqpmb9kg4dexoho','http://res.cloudinary.com/sweetiesara/image/upload/v1609253015/Design/u2a6bzqpmb9kg4dexoho.png','Design Testing','`testing 123',102),(122,'Design/cnouwkzapmnihw7pjd1n','http://res.cloudinary.com/sweetiesara/image/upload/v1609584956/Design/cnouwkzapmnihw7pjd1n.png','Design A','tesitng',100),(123,'Design/yobmyczuplsfrdcah41d','http://res.cloudinary.com/sweetiesara/image/upload/v1609585374/Design/yobmyczuplsfrdcah41d.png','aaa','ccc',102),(124,'Design/ffee80u2ru9xebm9dtgu','http://res.cloudinary.com/sweetiesara/image/upload/v1609585418/Design/ffee80u2ru9xebm9dtgu.png','aa','ddd',102),(125,'Design/shv2tzodnshbyzjvlwky','http://res.cloudinary.com/sweetiesara/image/upload/v1609585500/Design/shv2tzodnshbyzjvlwky.png','aa','sss',102);
/*!40000 ALTER TABLE `file` ENABLE KEYS */;
UNLOCK TABLES;

--
-- Table structure for table `role`
--

DROP TABLE IF EXISTS `role`;
/*!40101 SET @saved_cs_client     = @@character_set_client */;
/*!50503 SET character_set_client = utf8mb4 */;
CREATE TABLE `role` (
  `role_id` int(11) NOT NULL AUTO_INCREMENT,
  `role_name` varchar(255) COLLATE latin1_general_ci NOT NULL,
  PRIMARY KEY (`role_id`),
  UNIQUE KEY `role_name` (`role_name`)
) ENGINE=InnoDB AUTO_INCREMENT=3 DEFAULT CHARSET=latin1 COLLATE=latin1_general_ci;
/*!40101 SET character_set_client = @saved_cs_client */;

--
-- Dumping data for table `role`
--

LOCK TABLES `role` WRITE;
/*!40000 ALTER TABLE `role` DISABLE KEYS */;
INSERT INTO `role` VALUES (1,'admin'),(2,'user');
/*!40000 ALTER TABLE `role` ENABLE KEYS */;
UNLOCK TABLES;

--
-- Table structure for table `user`
--

DROP TABLE IF EXISTS `user`;
/*!40101 SET @saved_cs_client     = @@character_set_client */;
/*!50503 SET character_set_client = utf8mb4 */;
CREATE TABLE `user` (
  `user_id` int(11) NOT NULL AUTO_INCREMENT,
  `fullname` varchar(255) COLLATE latin1_general_ci NOT NULL,
  `email` varchar(100) COLLATE latin1_general_ci NOT NULL,
  `user_password` varchar(255) COLLATE latin1_general_ci DEFAULT NULL,
  `role_id` int(11) NOT NULL,
  PRIMARY KEY (`user_id`),
  UNIQUE KEY `email` (`email`)
) ENGINE=InnoDB AUTO_INCREMENT=138 DEFAULT CHARSET=latin1 COLLATE=latin1_general_ci;
/*!40101 SET character_set_client = @saved_cs_client */;

--
-- Dumping data for table `user`
--

LOCK TABLES `user` WRITE;
/*!40000 ALTER TABLE `user` DISABLE KEYS */;
INSERT INTO `user` VALUES (100,'rita','rita@designer.com','$2b$10$K.0HwpsoPDGaB/atFBmmXOGTw4ceeg33.WrxJx/FeC9.gCyYvIbs6',2),(101,'robert','robert@admin.com','$2b$10$K.0HwpsoPDGaB/atFBmmXOGTw4ceeg33.WrxJx/FeC9.gCyYvIbs6',1),(102,'bob','bob@designer.com','$2b$10$K.0HwpsoPDGaB/atFBmmXOGTw4ceeg33.WrxJx/FeC9.gCyYvIbs6',1),(103,'braddy','braddy@designer.com','$2b$10$K.0HwpsoPDGaB/atFBmmXOGTw4ceeg33.WrxJx/FeC9.gCyYvIbs6',2),(104,'josh','josh@designer.com','$2b$10$K.0HwpsoPDGaB/atFBmmXOGTw4ceeg33.WrxJx/FeC9.gCyYvIbs6',2),(105,'john','john@designer.com','$2b$10$K.0HwpsoPDGaB/atFBmmXOGTw4ceeg33.WrxJx/FeC9.gCyYvIbs6',2),(106,'fred','fred@designer.com','$2b$10$K.0HwpsoPDGaB/atFBmmXOGTw4ceeg33.WrxJx/FeC9.gCyYvIbs6',2),(107,'ashley','ashley@designer.com','$2b$10$K.0HwpsoPDGaB/atFBmmXOGTw4ceeg33.WrxJx/FeC9.gCyYvIbs6',2),(108,'amy','amy@designer.com','$2b$10$K.0HwpsoPDGaB/atFBmmXOGTw4ceeg33.WrxJx/FeC9.gCyYvIbs6',2),(109,'anita','anita@designer.com','$2b$10$K.0HwpsoPDGaB/atFBmmXOGTw4ceeg33.WrxJx/FeC9.gCyYvIbs6',2),(110,'eddy','eddy@designer.com','$2b$10$K.0HwpsoPDGaB/atFBmmXOGTw4ceeg33.WrxJx/FeC9.gCyYvIbs6',2),(111,'larry','larry@designer.com','$2b$10$K.0HwpsoPDGaB/atFBmmXOGTw4ceeg33.WrxJx/FeC9.gCyYvIbs6',2),(112,'ahtan','ahtan@designer.com','$2b$10$K.0HwpsoPDGaB/atFBmmXOGTw4ceeg33.WrxJx/FeC9.gCyYvIbs6',2),(113,'joe','joe@admin.com','$2b$10$K.0HwpsoPDGaB/atFBmmXOGTw4ceeg33.WrxJx/FeC9.gCyYvIbs6',2),(114,'gabby','gabby@designer.com','$2b$10$K.0HwpsoPDGaB/atFBmmXOGTw4ceeg33.WrxJx/FeC9.gCyYvIbs6',2),(124,'Vicki Yap ','vicki@designer.com','$2b$10$JDFuTq4mKxjB8urtSxEHMOHNCuhwYDzFTOCbfpn4Cb5UZXqa6Qq5q',2),(125,'<script>alert(\'XSS\')</script>','jimmy@designer.com','$2b$10$YZQslvJ1wQtHa7uL1h90PueCE7ODt4GwGmQaW1t8N7hA3BsI0WM9C',2),(128,'Jane Tan','jane@designer.com','$2b$10$lUlks1DIj7H0wbpre5OSu.F6UKHAuC3kYApjX65.5B6fJDF.eDLw2',2),(129,'Cindy','cindy@designer.com','$2b$10$kAZb2JTChNMy/FfN2..ZWOM5IH.aKsEf/SoqRMucY53.Sd4F3vLTm',2),(130,'Lily Lao','lily@designer.com','$2b$10$dtRZf6jzp1NIpjhO/ABvpuEQPC31/apvIriy6Nfro4ZRO26OtoXaG',2),(131,'Jack Lao','jack@designer.com','$2b$10$zhv7GF3WNbgUxzRTqbzP/.1EC1OC86uFhYBksLellJrd9M.02x4Hq',2),(132,'Judy','judy@designer.com','$2b$10$HStqpbj9wZbOAjOrNycJYOZQrxBkETOrbIsy0MCoH0nB.PixcIkce',2),(133,'Teddy','teddy@designer.com','$2b$10$a1zAHG.mwDW0/vcAkg0YQujca/q0WtBjJeMtrtW0lZA.PDzgpHq.G',2),(134,'Jackie Lau','jackie@designer.com','$2b$10$daUfco8cssfNgmJ5i1cZkuF5khSQVC7davXhKhZUx8SZGo1RVRlX2',2),(135,'Jade Tan','jade@designer.com','$2b$10$L0nMS3paE/2cat.SU7cwCOYnJ/jm12.mR5mu8XWJMsm.xdo6jSLP2',2),(136,'Testing','test@designer.com','$2b$10$6WG1WeucacxooZXEGmvPteTbvdTjpqsQYTxf.pxJDdldopnob61/e',2),(137,'Jolene Yeo','jolene@designer.com','$2b$10$2cX3Tr7PAMlcfv41Hw4.y.lTNivuVClo6esgzNNQ4l1nTkEBic0SC',2);
/*!40000 ALTER TABLE `user` ENABLE KEYS */;
UNLOCK TABLES;
/*!40103 SET TIME_ZONE=@OLD_TIME_ZONE */;

/*!40101 SET SQL_MODE=@OLD_SQL_MODE */;
/*!40014 SET FOREIGN_KEY_CHECKS=@OLD_FOREIGN_KEY_CHECKS */;
/*!40014 SET UNIQUE_CHECKS=@OLD_UNIQUE_CHECKS */;
/*!40101 SET CHARACTER_SET_CLIENT=@OLD_CHARACTER_SET_CLIENT */;
/*!40101 SET CHARACTER_SET_RESULTS=@OLD_CHARACTER_SET_RESULTS */;
/*!40101 SET COLLATION_CONNECTION=@OLD_COLLATION_CONNECTION */;
/*!40111 SET SQL_NOTES=@OLD_SQL_NOTES */;

-- Dump completed on 2021-01-02 22:46:45
